id,title,text,source,category
1,"Introduction to Machine Learning","Machine learning is a branch of artificial intelligence (AI) and computer science which focuses on the use of data and algorithms to imitate the way that humans learn, gradually improving its accuracy. It involves the development of computer programs that can access data and use it to learn for themselves. The primary aim is to allow the computers to learn automatically without human intervention or assistance and adjust actions accordingly.","AI Textbook 2023","overview"
2,"Supervised Learning","Supervised learning is the machine learning task of learning a function that maps an input to an output based on example input-output pairs. It infers a function from labeled training data consisting of a set of training examples. In supervised learning, each example is a pair consisting of an input object (typically a vector) and a desired output value (also called the supervisory signal).","ML Handbook","technique"
3,"Unsupervised Learning","Unsupervised learning is a type of machine learning algorithm used to draw inferences from datasets consisting of input data without labeled responses. The most common unsupervised learning method is cluster analysis, which is used for exploratory data analysis to find hidden patterns or grouping in data.","ML Handbook","technique"
4,"Reinforcement Learning","Reinforcement learning is an area of machine learning concerned with how intelligent agents ought to take actions in an environment in order to maximize the notion of cumulative reward. Reinforcement learning is one of three basic machine learning paradigms, alongside supervised learning and unsupervised learning.","Advanced AI Concepts","technique"
5,"Deep Learning","Deep learning is part of a broader family of machine learning methods based on artificial neural networks with representation learning. Learning can be supervised, semi-supervised or unsupervised. Deep learning architectures such as deep neural networks, deep belief networks, recurrent neural networks and convolutional neural networks have been applied to fields including computer vision, speech recognition, natural language processing, audio recognition, social network filtering, machine translation, bioinformatics, drug design, medical image analysis, material inspection and board game programs, where they have produced results comparable to and in some cases surpassing human expert performance.","Neural Networks Journal","technique"
6,"Neural Networks","Neural networks are computing systems vaguely inspired by the biological neural networks that constitute animal brains. An artificial neural network is based on a collection of connected units or nodes called artificial neurons, which loosely model the neurons in a biological brain. Each connection, like the synapses in a biological brain, can transmit a signal to other neurons. An artificial neuron receives signals then processes them and can signal neurons connected to it.","Deep Learning Textbook","component"
7,"Convolutional Neural Networks","Convolutional Neural Networks (CNNs) are a class of deep neural networks, most commonly applied to analyzing visual imagery. They are also known as shift invariant or space invariant artificial neural networks (SIANN), based on their shared-weights architecture and translation invariance characteristics. They have applications in image and video recognition, recommender systems, image classification, medical image analysis, natural language processing, and financial time series.","Computer Vision Journal","component"
8,"Recurrent Neural Networks","A recurrent neural network (RNN) is a class of artificial neural networks where connections between nodes form a directed graph along a temporal sequence. This allows it to exhibit temporal dynamic behavior. Derived from feedforward neural networks, RNNs can use their internal state (memory) to process variable length sequences of inputs. This makes them applicable to tasks such as unsegmented, connected handwriting recognition or speech recognition.","NLP Advances","component"
9,"Transformers","The Transformer is a deep learning model introduced in 2017, used primarily in the field of natural language processing (NLP). Like recurrent neural networks (RNNs), Transformers are designed to handle sequential data, such as natural language, for tasks such as translation and text summarization. However, unlike RNNs, Transformers do not require that the sequential data be processed in order. Rather, the attention mechanism identifies the context that gives meaning to each position in the sequence.","NLP Advances","component"
10,"Machine Learning Applications","Machine learning has a wide range of applications, including: 1) Email filtering: ML algorithms can be trained to distinguish between spam and non-spam emails. 2) Speech recognition: Speech recognition systems use ML to convert spoken language into text. 3) Computer vision: ML enables computers to derive meaningful information from digital images, videos and other visual inputs. 4) Product recommendations: Online retailers use ML to recommend products based on previous purchases. 5) Self-driving cars: ML algorithms process data from various sensors to make driving decisions.","AI Applications Review","application"
11,"Ethical Considerations in AI","Ethical considerations in artificial intelligence involve the moral issues and concerns raised by the development and deployment of AI systems. Key issues include: 1) Privacy and surveillance: AI systems can collect and analyze vast amounts of personal data. 2) Bias and discrimination: AI systems can perpetuate or amplify existing biases. 3) Transparency and explainability: Many AI systems operate as 'black boxes'. 4) Accountability: Who is responsible when AI systems cause harm? 5) Job displacement: AI automation may lead to significant job losses in certain sectors.","Ethics in Technology","ethics"
12,"Future of Machine Learning","The future of machine learning is likely to involve several key developments: 1) Automated Machine Learning (AutoML) will make ML more accessible to non-experts. 2) Federated Learning will enable model training across multiple devices while preserving privacy. 3) Quantum Machine Learning may leverage quantum computing for exponential speedups. 4) Neuromorphic Computing aims to create chips that mimic the human brain. 5) Explainable AI will focus on making ML models more transparent and interpretable. 6) Edge AI will move computation from the cloud to local devices.","Future Tech Forecast","future"
13,"Machine Learning vs. Traditional Programming","Machine learning differs from traditional programming in several key ways. In traditional programming, a developer writes explicit instructions for the computer to follow. The program takes input data, processes it according to these instructions, and produces output. In machine learning, the approach is reversed. The developer provides the input data and the desired output, and the machine learning algorithm discovers the rules needed to transform the input into the output. This allows ML systems to adapt to new data and improve over time without being explicitly reprogrammed.","Programming Paradigms","comparison"
14,"Limitations of Machine Learning","Despite its power, machine learning has several important limitations: 1) Data quality and quantity requirements: ML models need large amounts of high-quality data. 2) Computational resources: Training complex models requires significant computing power. 3) Black box problem: Many ML models lack transparency in their decision-making process. 4) Difficulty with causality: ML models can identify correlations but struggle with causal relationships. 5) Generalization challenges: Models may perform poorly on data that differs from their training set. 6) Vulnerability to adversarial attacks: Specially crafted inputs can fool ML systems.","AI Limitations Study","limitations"
15,"Machine Learning in Healthcare","Machine learning is transforming healthcare in numerous ways: 1) Disease diagnosis: ML algorithms can analyze medical images to detect diseases like cancer. 2) Personalized treatment: ML can help predict which treatments will be most effective for specific patients. 3) Drug discovery: ML accelerates the identification of potential new medications. 4) Patient monitoring: ML systems can analyze real-time patient data to predict deterioration. 5) Administrative efficiency: ML can automate routine tasks like scheduling and documentation. However, challenges remain in areas like regulatory approval, integration with existing systems, and ensuring patient privacy.","Medical Technology Review","application"
